{
	"users": [
		{
			"username": "ttrojan",
			"password": "fighton",
			"imageURL":
				"http://grfx.cstv.com/photos/schools/usc/sports/genrel/auto_player/11869977.jpeg",
			"followers": [
				"jmiller",
				"mtanaka"
			],
			"following": [
				"jmiller"
			],
			"library": {
				"read" : [
					"All Quiet on the Western Front",
					"The Catcher in the Rye"
				],
				"favorite" : [
					"Cardinal and Gold: The Oral History of USC Trojans Football",
					"Fight On!: The Colorful Story of Usc Football"
				]
			}
		},
		{
			"username": "jmiller",
			"password": "201prof",
			"imageURL": "http://www-scf.usc.edu/~csci201/images/jeffrey_miller.jpg",
			"followers": [
				"ttrojan"
			],
			"following": [
				"ttrojan",
				"mtanaka",
				"mchai"
			],
			"library": {
				"read" : [
					"Lean Software Development: An Agile Toolkit: An Agile Toolkit",
					"Driverless: Intelligent Cars and the Road Ahead"
				],
				"favorite" : [
					"All the Light We Cannot See: A Novel"
				]
			}
		}
	]
}